{"cameraMode":{"drawMode":0,"name":"Shaded","section":"Shading Mode"},"sceneLighting":true,"audioPlay":false,"sceneViewState":{"m_AlwaysRefresh":false,"showFog":true,"showSkybox":true,"showFlares":true,"showImageEffects":true,"showParticleSystems":true,"showVisualEffectGraphs":true,"m_FxEnabled":true},"in2DMode":false,"pivot":{"x":-30.132837295532228,"y":7.5457000732421879,"z":14.813094139099121},"rotation":{"x":-0.44926348328590395,"y":0.5080167651176453,"z":-0.35454121232032778,"w":-0.6437451839447022},"size":65.25762176513672,"orthographic":false}